season,round,date_header,status,kickoff_local,home_team,away_team,home_score,away_score,venue,match_href
2026,1,2026-03-01,Full Time,2026-03-01,Knights,Cowboys,28,18,Allegiant Stadium,https://www.nrl.com/draw/nrl-premiership/2026/round-1/knights-v-cowboys/
2026,1,2026-03-01,Full Time,2026-03-01,Bulldogs,Dragons,15,14,Allegiant Stadium,https://www.nrl.com/draw/nrl-premiership/2026/round-1/bulldogs-v-dragons/
2026,1,2026-03-05,Full Time,2026-03-05,Storm,Eels,52,4,AAMI Park,https://www.nrl.com/draw/nrl-premiership/2026/round-1/storm-v-eels/
2026,1,2026-03-06,Full Time,2026-03-06,Warriors,Roosters,42,18,Go Media Stadium,https://www.nrl.com/draw/nrl-premiership/2026/round-1/warriors-v-roosters/
2026,1,2026-03-06,Full Time,2026-03-06,Broncos,Panthers,0,26,Suncorp Stadium,https://www.nrl.com/draw/nrl-premiership/2026/round-1/broncos-v-panthers/
2026,1,2026-03-07,Full Time,2026-03-07,Sharks,Titans,50,10,Ocean Protect Stadium,https://www.nrl.com/draw/nrl-premiership/2026/round-1/sharks-v-titans/
2026,1,2026-03-07,Full Time,2026-03-07,Sea Eagles,Raiders,28,29,4 Pines Park,https://www.nrl.com/draw/nrl-premiership/2026/round-1/sea-eagles-v-raiders/
2026,1,2026-03-08,Full Time,2026-03-08,Dolphins,Rabbitohs,30,40,Suncorp Stadium,https://www.nrl.com/draw/nrl-premiership/2026/round-1/dolphins-v-rabbitohs/
2026,2,2026-03-12,Full Time,2026-03-12,Broncos,Eels,32,40,Suncorp Stadium,https://www.nrl.com/draw/nrl-premiership/2026/round-2/broncos-v-eels/
2026,2,2026-03-13,Full Time,2026-03-13,Warriors,Raiders,40,6,Go Media Stadium,https://www.nrl.com/draw/nrl-premiership/2026/round-2/warriors-v-raiders/
2026,2,2026-03-13,Full Time,2026-03-13,Roosters,Rabbitohs,26,18,Allianz Stadium,https://www.nrl.com/draw/nrl-premiership/2026/round-2/roosters-v-rabbitohs/
2026,2,2026-03-14,Full Time,2026-03-14,Wests Tigers,Cowboys,44,16,Leichhardt Oval,https://www.nrl.com/draw/nrl-premiership/2026/round-2/wests-tigers-v-cowboys/
2026,2,2026-03-14,Full Time,2026-03-14,Dragons,Storm,20,46,WIN Stadium,https://www.nrl.com/draw/nrl-premiership/2026/round-2/dragons-v-storm/
2026,2,2026-03-14,Full Time,2026-03-14,Panthers,Sharks,26,6,Carrington Park,https://www.nrl.com/draw/nrl-premiership/2026/round-2/panthers-v-sharks/
2026,2,2026-03-15,Full Time,2026-03-15,Sea Eagles,Knights,16,36,4 Pines Park,https://www.nrl.com/draw/nrl-premiership/2026/round-2/sea-eagles-v-knights/
2026,2,2026-03-15,Full Time,2026-03-15,Dolphins,Titans,18,14,Suncorp Stadium,https://www.nrl.com/draw/nrl-premiership/2026/round-2/dolphins-v-titans/
2026,3,2026-03-19,Full Time,2026-03-19,Raiders,Bulldogs,10,14,GIO Stadium,https://www.nrl.com/draw/nrl-premiership/2026/round-3/raiders-v-bulldogs/
2026,3,2026-03-20,Full Time,2026-03-20,Roosters,Panthers,4,40,Allianz Stadium,https://www.nrl.com/draw/nrl-premiership/2026/round-3/roosters-v-panthers/
2026,3,2026-03-20,Full Time,2026-03-20,Storm,Broncos,14,18,AAMI Park,https://www.nrl.com/draw/nrl-premiership/2026/round-3/storm-v-broncos/
2026,3,2026-03-21,Full Time,2026-03-21,Knights,Warriors,12,38,McDonald Jones Stadium,https://www.nrl.com/draw/nrl-premiership/2026/round-3/knights-v-warriors/
2026,3,2026-03-21,Full Time,2026-03-21,Sharks,Dolphins,10,38,Ocean Protect Stadium,https://www.nrl.com/draw/nrl-premiership/2026/round-3/sharks-v-dolphins/
2026,3,2026-03-21,Full Time,2026-03-21,Rabbitohs,Wests Tigers,20,16,Polytec Stadium,https://www.nrl.com/draw/nrl-premiership/2026/round-3/rabbitohs-v-wests-tigers/
2026,3,2026-03-22,Full Time,2026-03-22,Eels,Dragons,30,20,CommBank Stadium,https://www.nrl.com/draw/nrl-premiership/2026/round-3/eels-v-dragons/
2026,3,2026-03-22,Full Time,2026-03-22,Cowboys,Titans,30,16,Queensland Country Bank Stadium,https://www.nrl.com/draw/nrl-premiership/2026/round-3/cowboys-v-titans/
2026,4,2026-03-26,Full Time,2026-03-26,Sea Eagles,Roosters,16,33,4 Pines Park,https://www.nrl.com/draw/nrl-premiership/2026/round-4/sea-eagles-v-roosters/
2026,4,2026-03-27,Full Time,2026-03-27,Warriors,Wests Tigers,14,32,Go Media Stadium,https://www.nrl.com/draw/nrl-premiership/2026/round-4/warriors-v-wests-tigers/
2026,4,2026-03-27,Full Time,2026-03-27,Broncos,Dolphins,26,12,Suncorp Stadium,https://www.nrl.com/draw/nrl-premiership/2026/round-4/broncos-v-dolphins/
2026,4,2026-03-28,Full Time,2026-03-28,Bulldogs,Knights,16,24,Accor Stadium,https://www.nrl.com/draw/nrl-premiership/2026/round-4/bulldogs-v-knights/
2026,4,2026-03-28,Full Time,2026-03-28,Panthers,Eels,48,20,CommBank Stadium,https://www.nrl.com/draw/nrl-premiership/2026/round-4/panthers-v-eels/
2026,4,2026-03-28,Full Time,2026-03-28,Cowboys,Storm,28,24,Queensland Country Bank Stadium,https://www.nrl.com/draw/nrl-premiership/2026/round-4/cowboys-v-storm/
2026,4,2026-03-29,Full Time,2026-03-29,Raiders,Sharks,22,34,GIO Stadium,https://www.nrl.com/draw/nrl-premiership/2026/round-4/raiders-v-sharks/
2026,4,2026-03-29,Full Time,2026-03-29,Titans,Dragons,22,14,Cbus Super Stadium,https://www.nrl.com/draw/nrl-premiership/2026/round-4/titans-v-dragons/
2026,5,2026-04-02,Full Time,2026-04-02,Dolphins,Sea Eagles,18,52,Kayo Stadium,https://www.nrl.com/draw/nrl-premiership/2026/round-5/dolphins-v-sea-eagles/
2026,5,2026-04-03,Full Time,2026-04-03,Rabbitohs,Bulldogs,32,24,Accor Stadium,https://www.nrl.com/draw/nrl-premiership/2026/round-5/rabbitohs-v-bulldogs/
2026,5,2026-04-03,Full Time,2026-04-03,Panthers,Storm,50,10,CommBank Stadium,https://www.nrl.com/draw/nrl-premiership/2026/round-5/panthers-v-storm/
2026,5,2026-04-04,Full Time,2026-04-04,Dragons,Cowboys,0,32,St George Venues Jubilee Stadium,https://www.nrl.com/draw/nrl-premiership/2026/round-5/dragons-v-cowboys/
2026,5,2026-04-04,Full Time,2026-04-04,Titans,Broncos,12,26,Cbus Super Stadium,https://www.nrl.com/draw/nrl-premiership/2026/round-5/titans-v-broncos/
2026,5,2026-04-05,Full Time,2026-04-05,Sharks,Warriors,36,22,Ocean Protect Stadium,https://www.nrl.com/draw/nrl-premiership/2026/round-5/sharks-v-warriors/
2026,5,2026-04-05,Full Time,2026-04-05,Knights,Raiders,32,12,McDonald Jones Stadium,https://www.nrl.com/draw/nrl-premiership/2026/round-5/knights-v-raiders/
2026,5,2026-04-06,Full Time,2026-04-06,Eels,Wests Tigers,20,22,CommBank Stadium,https://www.nrl.com/draw/nrl-premiership/2026/round-5/eels-v-wests-tigers/
2026,6,2026-04-09,Full Time,2026-04-09,Bulldogs,Panthers,32,16,Accor Stadium,https://www.nrl.com/draw/nrl-premiership/2026/round-6/bulldogs-v-panthers/
2026,6,2026-04-10,Full Time,2026-04-10,Dragons,Sea Eagles,18,28,WIN Stadium,https://www.nrl.com/draw/nrl-premiership/2026/round-6/dragons-v-sea-eagles/
2026,6,2026-04-10,Full Time,2026-04-10,Broncos,Cowboys,31,35,Suncorp Stadium,https://www.nrl.com/draw/nrl-premiership/2026/round-6/broncos-v-cowboys/
2026,6,2026-04-11,Full Time,2026-04-11,Rabbitohs,Raiders,34,36,Optus Stadium,https://www.nrl.com/draw/nrl-premiership/2026/round-6/rabbitohs-v-raiders/
2026,6,2026-04-11,Full Time,2026-04-11,Sharks,Roosters,22,34,Optus Stadium,https://www.nrl.com/draw/nrl-premiership/2026/round-6/sharks-v-roosters/
2026,6,2026-04-11,Full Time,2026-04-11,Storm,Warriors,14,38,AAMI Park,https://www.nrl.com/draw/nrl-premiership/2026/round-6/storm-v-warriors/
2026,6,2026-04-12,Full Time,2026-04-12,Eels,Titans,10,52,CommBank Stadium,https://www.nrl.com/draw/nrl-premiership/2026/round-6/eels-v-titans/
2026,6,2026-04-12,Full Time,2026-04-12,Wests Tigers,Knights,42,22,Campbelltown Sports Stadium,https://www.nrl.com/draw/nrl-premiership/2026/round-6/wests-tigers-v-knights/
2026,7,2026-04-16,Full Time,2026-04-16,Cowboys,Sea Eagles,6,38,Queensland Country Bank Stadium,https://www.nrl.com/draw/nrl-premiership/2026/round-7/cowboys-v-sea-eagles/
2026,7,2026-04-17,Full Time,2026-04-17,Raiders,Storm,26,22,GIO Stadium,https://www.nrl.com/draw/nrl-premiership/2026/round-7/raiders-v-storm/
2026,7,2026-04-17,Full Time,2026-04-17,Dolphins,Panthers,22,23,TIO Stadium,https://www.nrl.com/draw/nrl-premiership/2026/round-7/dolphins-v-panthers/
2026,7,2026-04-18,Full Time,2026-04-18,Warriors,Titans,28,20,Go Media Stadium,https://www.nrl.com/draw/nrl-premiership/2026/round-7/warriors-v-titans/
2026,7,2026-04-18,Full Time,2026-04-18,Rabbitohs,Dragons,30,12,Accor Stadium,https://www.nrl.com/draw/nrl-premiership/2026/round-7/rabbitohs-v-dragons/
2026,7,2026-04-18,Full Time,2026-04-18,Wests Tigers,Broncos,20,21,Campbelltown Sports Stadium,https://www.nrl.com/draw/nrl-premiership/2026/round-7/wests-tigers-v-broncos/
2026,7,2026-04-19,Full Time,2026-04-19,Roosters,Knights,38,24,Allianz Stadium,https://www.nrl.com/draw/nrl-premiership/2026/round-7/roosters-v-knights/
2026,7,2026-04-19,Full Time,2026-04-19,Eels,Bulldogs,38,20,CommBank Stadium,https://www.nrl.com/draw/nrl-premiership/2026/round-7/eels-v-bulldogs/
2026,8,2026-04-23,Full Time,2026-04-23,Wests Tigers,Raiders,33,14,Leichhardt Oval,https://www.nrl.com/draw/nrl-premiership/2026/round-8/wests-tigers-v-raiders/
2026,8,2026-04-24,Full Time,2026-04-24,Cowboys,Sharks,46,34,Queensland Country Bank Stadium,https://www.nrl.com/draw/nrl-premiership/2026/round-8/cowboys-v-sharks/
2026,8,2026-04-24,Full Time,2026-04-24,Broncos,Bulldogs,32,12,Suncorp Stadium,https://www.nrl.com/draw/nrl-premiership/2026/round-8/broncos-v-bulldogs/
2026,8,2026-04-25,Full Time,2026-04-25,Dragons,Roosters,16,62,Allianz Stadium,https://www.nrl.com/draw/nrl-premiership/2026/round-8/dragons-v-roosters/
2026,8,2026-04-25,Full Time,2026-04-25,Warriors,Dolphins,20,18,Hnry Stadium,https://www.nrl.com/draw/nrl-premiership/2026/round-8/warriors-v-dolphins/
2026,8,2026-04-25,Full Time,2026-04-25,Storm,Rabbitohs,6,48,AAMI Park,https://www.nrl.com/draw/nrl-premiership/2026/round-8/storm-v-rabbitohs/
2026,8,2026-04-26,Full Time,2026-04-26,Knights,Panthers,12,44,McDonald Jones Stadium,https://www.nrl.com/draw/nrl-premiership/2026/round-8/knights-v-panthers/
2026,8,2026-04-26,Full Time,2026-04-26,Sea Eagles,Eels,33,18,4 Pines Park,https://www.nrl.com/draw/nrl-premiership/2026/round-8/sea-eagles-v-eels/
2026,9,2026-05-01,Full Time,2026-05-01,Bulldogs,Cowboys,12,28,Accor Stadium,https://www.nrl.com/draw/nrl-premiership/2026/round-9/bulldogs-v-cowboys/
2026,9,2026-05-01,Full Time,2026-05-01,Dolphins,Storm,28,10,Suncorp Stadium,https://www.nrl.com/draw/nrl-premiership/2026/round-9/dolphins-v-storm/
2026,9,2026-05-02,Full Time,2026-05-02,Titans,Raiders,12,28,Cbus Super Stadium,https://www.nrl.com/draw/nrl-premiership/2026/round-9/titans-v-raiders/
2026,9,2026-05-02,Full Time,2026-05-02,Eels,Warriors,14,36,CommBank Stadium,https://www.nrl.com/draw/nrl-premiership/2026/round-9/eels-v-warriors/
2026,9,2026-05-02,Full Time,2026-05-02,Roosters,Broncos,38,24,Allianz Stadium,https://www.nrl.com/draw/nrl-premiership/2026/round-9/roosters-v-broncos/
2026,9,2026-05-03,Full Time,2026-05-03,Knights,Rabbitohs,42,38,McDonald Jones Stadium,https://www.nrl.com/draw/nrl-premiership/2026/round-9/knights-v-rabbitohs/
2026,9,2026-05-03,Full Time,2026-05-03,Sharks,Wests Tigers,52,10,Ocean Protect Stadium,https://www.nrl.com/draw/nrl-premiership/2026/round-9/sharks-v-wests-tigers/
2026,9,2026-05-03,Full Time,2026-05-03,Panthers,Sea Eagles,18,16,CommBank Stadium,https://www.nrl.com/draw/nrl-premiership/2026/round-9/panthers-v-sea-eagles/
2026,10,2026-05-07,Full Time,2026-05-07,Dolphins,Bulldogs,44,12,Suncorp Stadium,https://www.nrl.com/draw/nrl-premiership/2026/round-10/dolphins-v-bulldogs/
2026,10,2026-05-08,Full Time,2026-05-08,Roosters,Titans,28,12,Polytec Stadium,https://www.nrl.com/draw/nrl-premiership/2026/round-10/roosters-v-titans/
2026,10,2026-05-08,Full Time,2026-05-08,Cowboys,Eels,30,33,Queensland Country Bank Stadium,https://www.nrl.com/draw/nrl-premiership/2026/round-10/cowboys-v-eels/
2026,10,2026-05-09,Full Time,2026-05-09,Dragons,Knights,10,44,WIN Stadium,https://www.nrl.com/draw/nrl-premiership/2026/round-10/dragons-v-knights/
2026,10,2026-05-09,Full Time,2026-05-09,Rabbitohs,Sharks,36,12,Accor Stadium,https://www.nrl.com/draw/nrl-premiership/2026/round-10/rabbitohs-v-sharks/
2026,10,2026-05-09,Full Time,2026-05-09,Sea Eagles,Broncos,32,4,4 Pines Park,https://www.nrl.com/draw/nrl-premiership/2026/round-10/sea-eagles-v-broncos/
2026,10,2026-05-10,Full Time,2026-05-10,Storm,Wests Tigers,44,16,AAMI Park,https://www.nrl.com/draw/nrl-premiership/2026/round-10/storm-v-wests-tigers/
2026,10,2026-05-10,Full Time,2026-05-10,Raiders,Panthers,18,30,GIO Stadium,https://www.nrl.com/draw/nrl-premiership/2026/round-10/raiders-v-panthers/
2026,11,2026-05-15,Full Time,2026-05-15,Sharks,Bulldogs,38,16,Suncorp Stadium,https://www.nrl.com/draw/nrl-premiership/2026/round-11/sharks-v-bulldogs/
2026,11,2026-05-15,Full Time,2026-05-15,Rabbitohs,Dolphins,10,32,Suncorp Stadium,https://www.nrl.com/draw/nrl-premiership/2026/round-11/rabbitohs-v-dolphins/
2026,11,2026-05-16,Full Time,2026-05-16,Wests Tigers,Sea Eagles,18,46,Suncorp Stadium,https://www.nrl.com/draw/nrl-premiership/2026/round-11/wests-tigers-v-sea-eagles/
2026,11,2026-05-16,Full Time,2026-05-16,Roosters,Cowboys,12,18,Suncorp Stadium,https://www.nrl.com/draw/nrl-premiership/2026/round-11/roosters-v-cowboys/
2026,11,2026-05-16,Full Time,2026-05-16,Eels,Storm,8,34,Suncorp Stadium,https://www.nrl.com/draw/nrl-premiership/2026/round-11/eels-v-storm/
2026,11,2026-05-17,Full Time,2026-05-17,Titans,Knights,12,36,Suncorp Stadium,https://www.nrl.com/draw/nrl-premiership/2026/round-11/titans-v-knights/
2026,11,2026-05-17,Full Time,2026-05-17,Warriors,Broncos,42,12,Suncorp Stadium,https://www.nrl.com/draw/nrl-premiership/2026/round-11/warriors-v-broncos/
2026,11,2026-05-17,Full Time,2026-05-17,Panthers,Dragons,28,6,Suncorp Stadium,https://www.nrl.com/draw/nrl-premiership/2026/round-11/panthers-v-dragons/
2026,12,2026-05-21,Full Time,2026-05-21,Raiders,Dolphins,22,30,GIO Stadium,https://www.nrl.com/draw/nrl-premiership/2026/round-12/raiders-v-dolphins/
2026,12,2026-05-22,Full Time,2026-05-22,Bulldogs,Storm,30,20,Accor Stadium,https://www.nrl.com/draw/nrl-premiership/2026/round-12/bulldogs-v-storm/
2026,12,2026-05-23,Full Time,2026-05-23,Dragons,Warriors,12,30,St George Venues Jubilee Stadium,https://www.nrl.com/draw/nrl-premiership/2026/round-12/dragons-v-warriors/
2026,12,2026-05-23,Full Time,2026-05-23,Sea Eagles,Titans,12,10,4 Pines Park,https://www.nrl.com/draw/nrl-premiership/2026/round-12/sea-eagles-v-titans/
2026,12,2026-05-24,Full Time,2026-05-24,Cowboys,Rabbitohs,30,18,Queensland Country Bank Stadium,https://www.nrl.com/draw/nrl-premiership/2026/round-12/cowboys-v-rabbitohs/
2026,13,2026-05-29,Full Time,2026-05-29,Sharks,Sea Eagles,28,22,Ocean Protect Stadium,https://www.nrl.com/draw/nrl-premiership/2026/round-13/sharks-v-sea-eagles/
2026,13,2026-05-30,Full Time,2026-05-30,Knights,Eels,28,22,McDonald Jones Stadium,https://www.nrl.com/draw/nrl-premiership/2026/round-13/knights-v-eels/
2026,13,2026-05-30,Full Time,2026-05-30,Wests Tigers,Bulldogs,22,16,CommBank Stadium,https://www.nrl.com/draw/nrl-premiership/2026/round-13/wests-tigers-v-bulldogs/
2026,13,2026-05-30,Full Time,2026-05-30,Storm,Roosters,18,4,AAMI Park,https://www.nrl.com/draw/nrl-premiership/2026/round-13/storm-v-roosters/
2026,13,2026-05-31,Full Time,2026-05-31,Broncos,Dragons,26,30,Suncorp Stadium,https://www.nrl.com/draw/nrl-premiership/2026/round-13/broncos-v-dragons/
2026,13,2026-05-31,Full Time,2026-05-31,Raiders,Cowboys,26,12,GIO Stadium,https://www.nrl.com/draw/nrl-premiership/2026/round-13/raiders-v-cowboys/
2026,13,2026-05-31,Full Time,2026-05-31,Panthers,Warriors,20,18,CommBank Stadium,https://www.nrl.com/draw/nrl-premiership/2026/round-13/panthers-v-warriors/
2026,14,2026-06-04,Full Time,2026-06-04,Sea Eagles,Rabbitohs,28,14,4 Pines Park,https://www.nrl.com/draw/nrl-premiership/2026/round-14/sea-eagles-v-rabbitohs/
2026,14,2026-06-05,Full Time,2026-06-05,Storm,Knights,32,30,AAMI Park,https://www.nrl.com/draw/nrl-premiership/2026/round-14/storm-v-knights/
2026,14,2026-06-05,Full Time,2026-06-05,Raiders,Roosters,0,26,GIO Stadium,https://www.nrl.com/draw/nrl-premiership/2026/round-14/raiders-v-roosters/
2026,14,2026-06-06,Full Time,2026-06-06,Cowboys,Dolphins,14,40,Queensland Country Bank Stadium,https://www.nrl.com/draw/nrl-premiership/2026/round-14/cowboys-v-dolphins/
2026,14,2026-06-06,Full Time,2026-06-06,Broncos,Titans,23,28,Suncorp Stadium,https://www.nrl.com/draw/nrl-premiership/2026/round-14/broncos-v-titans/
2026,14,2026-06-07,Full Time,2026-06-07,Wests Tigers,Panthers,0,68,CommBank Stadium,https://www.nrl.com/draw/nrl-premiership/2026/round-14/wests-tigers-v-panthers/
2026,14,2026-06-07,Full Time,2026-06-07,Sharks,Dragons,34,12,Ocean Protect Stadium,https://www.nrl.com/draw/nrl-premiership/2026/round-14/sharks-v-dragons/
2026,14,2026-06-08,Full Time,2026-06-08,Bulldogs,Eels,14,12,Accor Stadium,https://www.nrl.com/draw/nrl-premiership/2026/round-14/bulldogs-v-eels/
2026,15,2026-06-11,Upcoming,2026-06-11,Rabbitohs,Broncos,,,Accor Stadium,https://www.nrl.com/draw/nrl-premiership/2026/round-15/rabbitohs-v-broncos/
2026,15,2026-06-12,Upcoming,2026-06-12,Dolphins,Roosters,,,Suncorp Stadium,https://www.nrl.com/draw/nrl-premiership/2026/round-15/dolphins-v-roosters/
2026,15,2026-06-13,Upcoming,2026-06-13,Warriors,Sharks,,,Go Media Stadium,https://www.nrl.com/draw/nrl-premiership/2026/round-15/warriors-v-sharks/
2026,15,2026-06-13,Upcoming,2026-06-13,Eels,Raiders,,,CommBank Stadium,https://www.nrl.com/draw/nrl-premiership/2026/round-15/eels-v-raiders/
2026,15,2026-06-14,Upcoming,2026-06-14,Wests Tigers,Titans,,,Leichhardt Oval,https://www.nrl.com/draw/nrl-premiership/2026/round-15/wests-tigers-v-titans/
2026,16,2026-06-19,Upcoming,2026-06-19,Knights,Dragons,,,McDonald Jones Stadium,https://www.nrl.com/draw/nrl-premiership/2026/round-16/knights-v-dragons/
2026,16,2026-06-20,Upcoming,2026-06-20,Wests Tigers,Dolphins,,,Campbelltown Sports Stadium,https://www.nrl.com/draw/nrl-premiership/2026/round-16/wests-tigers-v-dolphins/
2026,16,2026-06-20,Upcoming,2026-06-20,Titans,Panthers,,,Cbus Super Stadium,https://www.nrl.com/draw/nrl-premiership/2026/round-16/titans-v-panthers/
2026,16,2026-06-20,Upcoming,2026-06-20,Bulldogs,Sea Eagles,,,Accor Stadium,https://www.nrl.com/draw/nrl-premiership/2026/round-16/bulldogs-v-sea-eagles/
2026,16,2026-06-21,Upcoming,2026-06-21,Warriors,Cowboys,,,One NZ Stadium,https://www.nrl.com/draw/nrl-premiership/2026/round-16/warriors-v-cowboys/
2026,16,2026-06-21,Upcoming,2026-06-21,Storm,Raiders,,,AAMI Park,https://www.nrl.com/draw/nrl-premiership/2026/round-16/storm-v-raiders/
2026,16,2026-06-21,Upcoming,2026-06-21,Roosters,Sharks,,,Allianz Stadium,https://www.nrl.com/draw/nrl-premiership/2026/round-16/roosters-v-sharks/
2026,17,2026-06-25,Upcoming,2026-06-25,Eels,Rabbitohs,,,CommBank Stadium,https://www.nrl.com/draw/nrl-premiership/2026/round-17/eels-v-rabbitohs/
2026,17,2026-06-26,Upcoming,2026-06-26,Titans,Bulldogs,,,Cbus Super Stadium,https://www.nrl.com/draw/nrl-premiership/2026/round-17/titans-v-bulldogs/
2026,17,2026-06-26,Upcoming,2026-06-26,Broncos,Roosters,,,Suncorp Stadium,https://www.nrl.com/draw/nrl-premiership/2026/round-17/broncos-v-roosters/
2026,17,2026-06-27,Upcoming,2026-06-27,Dolphins,Warriors,,,Suncorp Stadium,https://www.nrl.com/draw/nrl-premiership/2026/round-17/dolphins-v-warriors/
2026,17,2026-06-27,Upcoming,2026-06-27,Cowboys,Panthers,,,Queensland Country Bank Stadium,https://www.nrl.com/draw/nrl-premiership/2026/round-17/cowboys-v-panthers/
2026,17,2026-06-27,Upcoming,2026-06-27,Sea Eagles,Storm,,,4 Pines Park,https://www.nrl.com/draw/nrl-premiership/2026/round-17/sea-eagles-v-storm/
2026,17,2026-06-28,Upcoming,2026-06-28,Raiders,Dragons,,,GIO Stadium,https://www.nrl.com/draw/nrl-premiership/2026/round-17/raiders-v-dragons/
2026,17,2026-06-28,Upcoming,2026-06-28,Knights,Wests Tigers,,,McDonald Jones Stadium,https://www.nrl.com/draw/nrl-premiership/2026/round-17/knights-v-wests-tigers/
2026,18,2026-07-03,Upcoming,2026-07-03,Panthers,Rabbitohs,,,CommBank Stadium,https://www.nrl.com/draw/nrl-premiership/2026/round-18/panthers-v-rabbitohs/
2026,18,2026-07-04,Upcoming,2026-07-04,Dragons,Wests Tigers,,,St George Venues Jubilee Stadium,https://www.nrl.com/draw/nrl-premiership/2026/round-18/dragons-v-wests-tigers/
2026,18,2026-07-04,Upcoming,2026-07-04,Broncos,Sharks,,,Suncorp Stadium,https://www.nrl.com/draw/nrl-premiership/2026/round-18/broncos-v-sharks/
2026,18,2026-07-05,Upcoming,2026-07-05,Eels,Sea Eagles,,,CommBank Stadium,https://www.nrl.com/draw/nrl-premiership/2026/round-18/eels-v-sea-eagles/
2026,18,2026-07-05,Upcoming,2026-07-05,Knights,Dolphins,,,McDonald Jones Stadium,https://www.nrl.com/draw/nrl-premiership/2026/round-18/knights-v-dolphins/
2026,19,2026-07-10,Upcoming,2026-07-10,Wests Tigers,Warriors,,,Campbelltown Sports Stadium,https://www.nrl.com/draw/nrl-premiership/2026/round-19/wests-tigers-v-warriors/
2026,19,2026-07-11,Upcoming,2026-07-11,Dolphins,Sharks,,,Kayo Stadium,https://www.nrl.com/draw/nrl-premiership/2026/round-19/dolphins-v-sharks/
2026,19,2026-07-11,Upcoming,2026-07-11,Bulldogs,Raiders,,,Accor Stadium,https://www.nrl.com/draw/nrl-premiership/2026/round-19/bulldogs-v-raiders/
2026,19,2026-07-11,Upcoming,2026-07-11,Roosters,Eels,,,Allianz Stadium,https://www.nrl.com/draw/nrl-premiership/2026/round-19/roosters-v-eels/
2026,19,2026-07-12,Upcoming,2026-07-12,Rabbitohs,Knights,,,Accor Stadium,https://www.nrl.com/draw/nrl-premiership/2026/round-19/rabbitohs-v-knights/
2026,19,2026-07-12,Upcoming,2026-07-12,Sea Eagles,Cowboys,,,4 Pines Park,https://www.nrl.com/draw/nrl-premiership/2026/round-19/sea-eagles-v-cowboys/
2026,19,2026-07-12,Upcoming,2026-07-12,Storm,Titans,,,AAMI Park,https://www.nrl.com/draw/nrl-premiership/2026/round-19/storm-v-titans/
2026,20,2026-07-16,Upcoming,2026-07-16,Panthers,Broncos,,,CommBank Stadium,https://www.nrl.com/draw/nrl-premiership/2026/round-20/panthers-v-broncos/
2026,20,2026-07-17,Upcoming,2026-07-17,Sharks,Knights,,,Ocean Protect Stadium,https://www.nrl.com/draw/nrl-premiership/2026/round-20/sharks-v-knights/
2026,20,2026-07-17,Upcoming,2026-07-17,Roosters,Storm,,,Allianz Stadium,https://www.nrl.com/draw/nrl-premiership/2026/round-20/roosters-v-storm/
2026,20,2026-07-18,Upcoming,2026-07-18,Raiders,Rabbitohs,,,GIO Stadium,https://www.nrl.com/draw/nrl-premiership/2026/round-20/raiders-v-rabbitohs/
2026,20,2026-07-18,Upcoming,2026-07-18,Warriors,Dragons,,,Go Media Stadium,https://www.nrl.com/draw/nrl-premiership/2026/round-20/warriors-v-dragons/
2026,20,2026-07-18,Upcoming,2026-07-18,Bulldogs,Wests Tigers,,,Accor Stadium,https://www.nrl.com/draw/nrl-premiership/2026/round-20/bulldogs-v-wests-tigers/
2026,20,2026-07-19,Upcoming,2026-07-19,Titans,Sea Eagles,,,Cbus Super Stadium,https://www.nrl.com/draw/nrl-premiership/2026/round-20/titans-v-sea-eagles/
2026,20,2026-07-19,Upcoming,2026-07-19,Dolphins,Cowboys,,,Suncorp Stadium,https://www.nrl.com/draw/nrl-premiership/2026/round-20/dolphins-v-cowboys/
2026,21,2026-07-23,Upcoming,2026-07-23,Eels,Panthers,,,CommBank Stadium,https://www.nrl.com/draw/nrl-premiership/2026/round-21/eels-v-panthers/
2026,21,2026-07-24,Upcoming,2026-07-24,Knights,Roosters,,,McDonald Jones Stadium,https://www.nrl.com/draw/nrl-premiership/2026/round-21/knights-v-roosters/
2026,21,2026-07-24,Upcoming,2026-07-24,Rabbitohs,Storm,,,Accor Stadium,https://www.nrl.com/draw/nrl-premiership/2026/round-21/rabbitohs-v-storm/
2026,21,2026-07-25,Upcoming,2026-07-25,Raiders,Wests Tigers,,,GIO Stadium,https://www.nrl.com/draw/nrl-premiership/2026/round-21/raiders-v-wests-tigers/
2026,21,2026-07-25,Upcoming,2026-07-25,Bulldogs,Warriors,,,Accor Stadium,https://www.nrl.com/draw/nrl-premiership/2026/round-21/bulldogs-v-warriors/
2026,21,2026-07-25,Upcoming,2026-07-25,Cowboys,Broncos,,,Queensland Country Bank Stadium,https://www.nrl.com/draw/nrl-premiership/2026/round-21/cowboys-v-broncos/
2026,21,2026-07-26,Upcoming,2026-07-26,Dragons,Titans,,,St George Venues Jubilee Stadium,https://www.nrl.com/draw/nrl-premiership/2026/round-21/dragons-v-titans/
2026,21,2026-07-26,Upcoming,2026-07-26,Sea Eagles,Sharks,,,4 Pines Park,https://www.nrl.com/draw/nrl-premiership/2026/round-21/sea-eagles-v-sharks/
2026,22,2026-07-30,Upcoming,2026-07-30,Cowboys,Roosters,,,Queensland Country Bank Stadium,https://www.nrl.com/draw/nrl-premiership/2026/round-22/cowboys-v-roosters/
2026,22,2026-07-31,Upcoming,2026-07-31,Dragons,Dolphins,,,WIN Stadium,https://www.nrl.com/draw/nrl-premiership/2026/round-22/dragons-v-dolphins/
2026,22,2026-07-31,Upcoming,2026-07-31,Storm,Bulldogs,,,AAMI Park,https://www.nrl.com/draw/nrl-premiership/2026/round-22/storm-v-bulldogs/
2026,22,2026-08-01,Upcoming,2026-08-01,Titans,Warriors,,,Cbus Super Stadium,https://www.nrl.com/draw/nrl-premiership/2026/round-22/titans-v-warriors/
2026,22,2026-08-01,Upcoming,2026-08-01,Panthers,Raiders,,,Glen Willow Oval,https://www.nrl.com/draw/nrl-premiership/2026/round-22/panthers-v-raiders/
2026,22,2026-08-01,Upcoming,2026-08-01,Broncos,Knights,,,Suncorp Stadium,https://www.nrl.com/draw/nrl-premiership/2026/round-22/broncos-v-knights/
2026,22,2026-08-02,Upcoming,2026-08-02,Sharks,Rabbitohs,,,Ocean Protect Stadium,https://www.nrl.com/draw/nrl-premiership/2026/round-22/sharks-v-rabbitohs/
2026,22,2026-08-02,Upcoming,2026-08-02,Wests Tigers,Eels,,,CommBank Stadium,https://www.nrl.com/draw/nrl-premiership/2026/round-22/wests-tigers-v-eels/
2026,23,2026-08-06,Upcoming,2026-08-06,Titans,Cowboys,,,Cbus Super Stadium,https://www.nrl.com/draw/nrl-premiership/2026/round-23/titans-v-cowboys/
2026,23,2026-08-07,Upcoming,2026-08-07,Warriors,Panthers,,,Go Media Stadium,https://www.nrl.com/draw/nrl-premiership/2026/round-23/warriors-v-panthers/
2026,23,2026-08-07,Upcoming,2026-08-07,Roosters,Bulldogs,,,Allianz Stadium,https://www.nrl.com/draw/nrl-premiership/2026/round-23/roosters-v-bulldogs/
2026,23,2026-08-08,Upcoming,2026-08-08,Storm,Sea Eagles,,,HBF Park,https://www.nrl.com/draw/nrl-premiership/2026/round-23/storm-v-sea-eagles/
2026,23,2026-08-08,Upcoming,2026-08-08,Dolphins,Broncos,,,Suncorp Stadium,https://www.nrl.com/draw/nrl-premiership/2026/round-23/dolphins-v-broncos/
2026,23,2026-08-08,Upcoming,2026-08-08,Rabbitohs,Eels,,,Allianz Stadium,https://www.nrl.com/draw/nrl-premiership/2026/round-23/rabbitohs-v-eels/
2026,23,2026-08-09,Upcoming,2026-08-09,Raiders,Knights,,,GIO Stadium,https://www.nrl.com/draw/nrl-premiership/2026/round-23/raiders-v-knights/
2026,23,2026-08-09,Upcoming,2026-08-09,Dragons,Sharks,,,St George Venues Jubilee Stadium,https://www.nrl.com/draw/nrl-premiership/2026/round-23/dragons-v-sharks/
2026,24,2026-08-13,Upcoming,2026-08-13,Panthers,Roosters,,,CommBank Stadium,https://www.nrl.com/draw/nrl-premiership/2026/round-24/panthers-v-roosters/
2026,24,2026-08-14,Upcoming,2026-08-14,Sea Eagles,Dolphins,,,4 Pines Park,https://www.nrl.com/draw/nrl-premiership/2026/round-24/sea-eagles-v-dolphins/
2026,24,2026-08-14,Upcoming,2026-08-14,Bulldogs,Rabbitohs,,,Accor Stadium,https://www.nrl.com/draw/nrl-premiership/2026/round-24/bulldogs-v-rabbitohs/
2026,24,2026-08-15,Upcoming,2026-08-15,Sharks,Raiders,,,Ocean Protect Stadium,https://www.nrl.com/draw/nrl-premiership/2026/round-24/sharks-v-raiders/
2026,24,2026-08-15,Upcoming,2026-08-15,Eels,Cowboys,,,CommBank Stadium,https://www.nrl.com/draw/nrl-premiership/2026/round-24/eels-v-cowboys/
2026,24,2026-08-15,Upcoming,2026-08-15,Broncos,Warriors,,,Suncorp Stadium,https://www.nrl.com/draw/nrl-premiership/2026/round-24/broncos-v-warriors/
2026,24,2026-08-16,Upcoming,2026-08-16,Knights,Titans,,,McDonald Jones Stadium,https://www.nrl.com/draw/nrl-premiership/2026/round-24/knights-v-titans/
2026,24,2026-08-16,Upcoming,2026-08-16,Wests Tigers,Dragons,,,CommBank Stadium,https://www.nrl.com/draw/nrl-premiership/2026/round-24/wests-tigers-v-dragons/
2026,25,2026-08-20,Upcoming,2026-08-20,Storm,Panthers,,,AAMI Park,https://www.nrl.com/draw/nrl-premiership/2026/round-25/storm-v-panthers/
2026,25,2026-08-21,Upcoming,2026-08-21,Raiders,Broncos,,,GIO Stadium,https://www.nrl.com/draw/nrl-premiership/2026/round-25/raiders-v-broncos/
2026,25,2026-08-21,Upcoming,2026-08-21,Dolphins,Eels,,,Suncorp Stadium,https://www.nrl.com/draw/nrl-premiership/2026/round-25/dolphins-v-eels/
2026,25,2026-08-22,Upcoming,2026-08-22,Knights,Sea Eagles,,,McDonald Jones Stadium,https://www.nrl.com/draw/nrl-premiership/2026/round-25/knights-v-sea-eagles/
2026,25,2026-08-22,Upcoming,2026-08-22,Rabbitohs,Warriors,,,Accor Stadium,https://www.nrl.com/draw/nrl-premiership/2026/round-25/rabbitohs-v-warriors/
2026,25,2026-08-22,Upcoming,2026-08-22,Dragons,Bulldogs,,,Allianz Stadium,https://www.nrl.com/draw/nrl-premiership/2026/round-25/dragons-v-bulldogs/
2026,25,2026-08-23,Upcoming,2026-08-23,Titans,Sharks,,,Cbus Super Stadium,https://www.nrl.com/draw/nrl-premiership/2026/round-25/titans-v-sharks/
2026,25,2026-08-23,Upcoming,2026-08-23,Roosters,Wests Tigers,,,Allianz Stadium,https://www.nrl.com/draw/nrl-premiership/2026/round-25/roosters-v-wests-tigers/
2026,26,2026-08-27,Upcoming,2026-08-27,Broncos,Storm,,,Suncorp Stadium,https://www.nrl.com/draw/nrl-premiership/2026/round-26/broncos-v-storm/
2026,26,2026-08-28,Upcoming,2026-08-28,Sea Eagles,Dragons,,,4 Pines Park,https://www.nrl.com/draw/nrl-premiership/2026/round-26/sea-eagles-v-dragons/
2026,26,2026-08-28,Upcoming,2026-08-28,Panthers,Bulldogs,,,CommBank Stadium,https://www.nrl.com/draw/nrl-premiership/2026/round-26/panthers-v-bulldogs/
2026,26,2026-08-29,Upcoming,2026-08-29,Titans,Rabbitohs,,,Cbus Super Stadium,https://www.nrl.com/draw/nrl-premiership/2026/round-26/titans-v-rabbitohs/
2026,26,2026-08-29,Upcoming,2026-08-29,Roosters,Dolphins,,,Allianz Stadium,https://www.nrl.com/draw/nrl-premiership/2026/round-26/roosters-v-dolphins/
2026,26,2026-08-29,Upcoming,2026-08-29,Cowboys,Wests Tigers,,,Queensland Country Bank Stadium,https://www.nrl.com/draw/nrl-premiership/2026/round-26/cowboys-v-wests-tigers/
2026,26,2026-08-30,Upcoming,2026-08-30,Warriors,Knights,,,Go Media Stadium,https://www.nrl.com/draw/nrl-premiership/2026/round-26/warriors-v-knights/
2026,26,2026-08-30,Upcoming,2026-08-30,Eels,Sharks,,,CommBank Stadium,https://www.nrl.com/draw/nrl-premiership/2026/round-26/eels-v-sharks/
2026,27,2026-09-03,Upcoming,2026-09-03,Bulldogs,Broncos,,,Accor Stadium,https://www.nrl.com/draw/nrl-premiership/2026/round-27/bulldogs-v-broncos/
2026,27,2026-09-04,Upcoming,2026-09-04,Titans,Dolphins,,,Cbus Super Stadium,https://www.nrl.com/draw/nrl-premiership/2026/round-27/titans-v-dolphins/
2026,27,2026-09-04,Upcoming,2026-09-04,Rabbitohs,Roosters,,,Allianz Stadium,https://www.nrl.com/draw/nrl-premiership/2026/round-27/rabbitohs-v-roosters/
2026,27,2026-09-05,Upcoming,2026-09-05,Warriors,Sea Eagles,,,Go Media Stadium,https://www.nrl.com/draw/nrl-premiership/2026/round-27/warriors-v-sea-eagles/
2026,27,2026-09-05,Upcoming,2026-09-05,Cowboys,Raiders,,,Queensland Country Bank Stadium,https://www.nrl.com/draw/nrl-premiership/2026/round-27/cowboys-v-raiders/
2026,27,2026-09-05,Upcoming,2026-09-05,Sharks,Storm,,,Ocean Protect Stadium,https://www.nrl.com/draw/nrl-premiership/2026/round-27/sharks-v-storm/
2026,27,2026-09-06,Upcoming,2026-09-06,Dragons,Eels,,,WIN Stadium,https://www.nrl.com/draw/nrl-premiership/2026/round-27/dragons-v-eels/
2026,27,2026-09-06,Upcoming,2026-09-06,Panthers,Wests Tigers,,,CommBank Stadium,https://www.nrl.com/draw/nrl-premiership/2026/round-27/panthers-v-wests-tigers/
