phase,season,round,date_header,status,kickoff_local,home_team,away_team,home_score,away_score,venue,match_href,kickoff_local_dt
regular,2012,1,THURSDAY 1ST MARCH,full time,,Knights,Dragons,14,15,"McDonald Jones Stadium, Newcastle",https://www.nrl.com/draw/nrl-premiership/2012/round-1/knights-v-dragons/,
regular,2012,1,FRIDAY 2ND MARCH,full time,,Eels,Broncos,6,18,"Bankwest Stadium, Sydney",https://www.nrl.com/draw/nrl-premiership/2012/round-1/eels-v-broncos/,
regular,2012,1,SATURDAY 3RD MARCH,full time,,Raiders,Storm,19,24,"Canberra Stadium, Canberra",https://www.nrl.com/draw/nrl-premiership/2012/round-1/raiders-v-storm/,
regular,2012,1,SATURDAY 3RD MARCH,full time,,Panthers,Bulldogs,14,22,"Panthers Stadium, Penrith",https://www.nrl.com/draw/nrl-premiership/2012/round-1/panthers-v-bulldogs/,
regular,2012,1,SATURDAY 3RD MARCH,full time,,Cowboys,Titans,0,18,"1300SMILES Stadium, Townsville",https://www.nrl.com/draw/nrl-premiership/2012/round-1/cowboys-v-titans/,
regular,2012,1,SUNDAY 4TH MARCH,full time,,Warriors,Sea Eagles,20,26,"Eden Park, Auckland",https://www.nrl.com/draw/nrl-premiership/2012/round-1/warriors-v-sea-eagles/,
regular,2012,1,SUNDAY 4TH MARCH,full time,,Wests Tigers,Sharks,17,16,"Leichhardt Oval, Sydney",https://www.nrl.com/draw/nrl-premiership/2012/round-1/wests-tigers-v-sharks/,
regular,2012,1,MONDAY 5TH MARCH,full time,,Rabbitohs,Roosters,20,24,"ANZ Stadium, Sydney",https://www.nrl.com/draw/nrl-premiership/2012/round-1/rabbitohs-v-roosters/,
regular,2012,2,FRIDAY 9TH MARCH,full time,,Sea Eagles,Wests Tigers,22,18,"Central Coast Stadium, Gosford",https://www.nrl.com/draw/nrl-premiership/2012/round-2/sea-eagles-v-wests-tigers/,
regular,2012,2,FRIDAY 9TH MARCH,full time,,Broncos,Cowboys,26,28,"Suncorp Stadium, Brisbane",https://www.nrl.com/draw/nrl-premiership/2012/round-2/broncos-v-cowboys/,
regular,2012,2,SATURDAY 10TH MARCH,full time,,Titans,Raiders,12,24,"Cbus Super Stadium, Gold Coast",https://www.nrl.com/draw/nrl-premiership/2012/round-2/titans-v-raiders/,
regular,2012,2,SATURDAY 10TH MARCH,full time,,Bulldogs,Dragons,30,4,"ANZ Stadium, Sydney",https://www.nrl.com/draw/nrl-premiership/2012/round-2/bulldogs-v-dragons/,
regular,2012,2,SUNDAY 11TH MARCH,full time,,Sharks,Knights,6,18,"PointsBet Stadium, Sydney",https://www.nrl.com/draw/nrl-premiership/2012/round-2/sharks-v-knights/,
regular,2012,2,SUNDAY 11TH MARCH,full time,,Roosters,Panthers,0,18,"Allianz Stadium, Sydney",https://www.nrl.com/draw/nrl-premiership/2012/round-2/roosters-v-panthers/,
regular,2012,2,SUNDAY 11TH MARCH,full time,,Storm,Rabbitohs,24,10,"AAMI Park, Melbourne",https://www.nrl.com/draw/nrl-premiership/2012/round-2/storm-v-rabbitohs/,
regular,2012,2,MONDAY 12TH MARCH,full time,,Eels,Warriors,20,36,"Bankwest Stadium, Sydney",https://www.nrl.com/draw/nrl-premiership/2012/round-2/eels-v-warriors/,
regular,2012,3,FRIDAY 16TH MARCH,full time,,Dragons,Wests Tigers,36,12,"Netstrata Jubilee Stadium, Sydney",https://www.nrl.com/draw/nrl-premiership/2012/round-3/dragons-v-wests-tigers/,
regular,2012,3,FRIDAY 16TH MARCH,full time,,Knights,Broncos,10,24,"McDonald Jones Stadium, Newcastle",https://www.nrl.com/draw/nrl-premiership/2012/round-3/knights-v-broncos/,
regular,2012,3,SATURDAY 17TH MARCH,full time,,Titans,Storm,6,30,"Cbus Super Stadium, Gold Coast",https://www.nrl.com/draw/nrl-premiership/2012/round-3/titans-v-storm/,
regular,2012,3,SATURDAY 17TH MARCH,full time,,Cowboys,Eels,42,6,"1300SMILES Stadium, Townsville",https://www.nrl.com/draw/nrl-premiership/2012/round-3/cowboys-v-eels/,
regular,2012,3,SUNDAY 18TH MARCH,full time,,Warriors,Bulldogs,18,32,"Mt Smart Stadium, Auckland",https://www.nrl.com/draw/nrl-premiership/2012/round-3/warriors-v-bulldogs/,
regular,2012,3,SUNDAY 18TH MARCH,full time,,Roosters,Raiders,14,8,"Allianz Stadium, Sydney",https://www.nrl.com/draw/nrl-premiership/2012/round-3/roosters-v-raiders/,
regular,2012,3,SUNDAY 18TH MARCH,full time,,Panthers,Rabbitohs,24,40,"Panthers Stadium, Penrith",https://www.nrl.com/draw/nrl-premiership/2012/round-3/panthers-v-rabbitohs/,
regular,2012,3,MONDAY 19TH MARCH,full time,,Sharks,Sea Eagles,17,14,"PointsBet Stadium, Sydney",https://www.nrl.com/draw/nrl-premiership/2012/round-3/sharks-v-sea-eagles/,
regular,2012,4,FRIDAY 23RD MARCH,full time,,Eels,Panthers,6,39,"Bankwest Stadium, Sydney",https://www.nrl.com/draw/nrl-premiership/2012/round-4/eels-v-panthers/,
regular,2012,4,FRIDAY 23RD MARCH,full time,,Rabbitohs,Broncos,12,20,"HBF Park, Perth",https://www.nrl.com/draw/nrl-premiership/2012/round-4/rabbitohs-v-broncos/,
regular,2012,4,SATURDAY 24TH MARCH,full time,,Warriors,Titans,26,6,"Mt Smart Stadium, Auckland",https://www.nrl.com/draw/nrl-premiership/2012/round-4/warriors-v-titans/,
regular,2012,4,SATURDAY 24TH MARCH,full time,,Dragons,Sea Eagles,17,6,"Netstrata Jubilee Stadium, Sydney",https://www.nrl.com/draw/nrl-premiership/2012/round-4/dragons-v-sea-eagles/,
regular,2012,4,SATURDAY 24TH MARCH,full time,,Cowboys,Sharks,14,20,"1300SMILES Stadium, Townsville",https://www.nrl.com/draw/nrl-premiership/2012/round-4/cowboys-v-sharks/,
regular,2012,4,SUNDAY 25TH MARCH,full time,,Storm,Roosters,44,4,"AAMI Park, Melbourne",https://www.nrl.com/draw/nrl-premiership/2012/round-4/storm-v-roosters/,
regular,2012,4,SUNDAY 25TH MARCH,full time,,Bulldogs,Knights,6,20,"ANZ Stadium, Sydney",https://www.nrl.com/draw/nrl-premiership/2012/round-4/bulldogs-v-knights/,
regular,2012,4,MONDAY 26TH MARCH,full time,,Wests Tigers,Raiders,16,30,"Campbelltown Stadium, Sydney",https://www.nrl.com/draw/nrl-premiership/2012/round-4/wests-tigers-v-raiders/,
regular,2012,5,FRIDAY 30TH MARCH,full time,,Storm,Knights,34,22,"AAMI Park, Melbourne",https://www.nrl.com/draw/nrl-premiership/2012/round-5/storm-v-knights/,
regular,2012,5,FRIDAY 30TH MARCH,full time,,Broncos,Dragons,28,20,"Suncorp Stadium, Brisbane",https://www.nrl.com/draw/nrl-premiership/2012/round-5/broncos-v-dragons/,
regular,2012,5,SATURDAY 31ST MARCH,full time,,Panthers,Sharks,14,15,"Panthers Stadium, Penrith",https://www.nrl.com/draw/nrl-premiership/2012/round-5/panthers-v-sharks/,
regular,2012,5,SATURDAY 31ST MARCH,full time,,Eels,Sea Eagles,29,20,"Bankwest Stadium, Sydney",https://www.nrl.com/draw/nrl-premiership/2012/round-5/eels-v-sea-eagles/,
regular,2012,5,SATURDAY 31ST MARCH,full time,,Roosters,Warriors,26,8,"Allianz Stadium, Sydney",https://www.nrl.com/draw/nrl-premiership/2012/round-5/roosters-v-warriors/,
regular,2012,5,SUNDAY 1ST APRIL,full time,,Titans,Bulldogs,20,30,"Cbus Super Stadium, Gold Coast",https://www.nrl.com/draw/nrl-premiership/2012/round-5/titans-v-bulldogs/,
regular,2012,5,SUNDAY 1ST APRIL,full time,,Wests Tigers,Rabbitohs,16,17,"Allianz Stadium, Sydney",https://www.nrl.com/draw/nrl-premiership/2012/round-5/wests-tigers-v-rabbitohs/,
regular,2012,5,MONDAY 2ND APRIL,full time,,Raiders,Cowboys,6,22,"Canberra Stadium, Canberra",https://www.nrl.com/draw/nrl-premiership/2012/round-5/raiders-v-cowboys/,
regular,2012,6,FRIDAY 6TH APRIL,full time,,Rabbitohs,Bulldogs,20,10,"ANZ Stadium, Sydney",https://www.nrl.com/draw/nrl-premiership/2012/round-6/rabbitohs-v-bulldogs/,
regular,2012,6,FRIDAY 6TH APRIL,full time,,Wests Tigers,Broncos,14,18,"Allianz Stadium, Sydney",https://www.nrl.com/draw/nrl-premiership/2012/round-6/wests-tigers-v-broncos/,
regular,2012,6,SATURDAY 7TH APRIL,full time,,Titans,Roosters,12,18,"Cbus Super Stadium, Gold Coast",https://www.nrl.com/draw/nrl-premiership/2012/round-6/titans-v-roosters/,
regular,2012,6,SATURDAY 7TH APRIL,full time,,Sharks,Dragons,12,0,"PointsBet Stadium, Sydney",https://www.nrl.com/draw/nrl-premiership/2012/round-6/sharks-v-dragons/,
regular,2012,6,SUNDAY 8TH APRIL,full time,,Raiders,Warriors,32,12,"Canberra Stadium, Canberra",https://www.nrl.com/draw/nrl-premiership/2012/round-6/raiders-v-warriors/,
regular,2012,6,SUNDAY 8TH APRIL,full time,,Knights,Eels,14,6,"McDonald Jones Stadium, Newcastle",https://www.nrl.com/draw/nrl-premiership/2012/round-6/knights-v-eels/,
regular,2012,6,SUNDAY 8TH APRIL,full time,,Cowboys,Storm,18,42,"1300SMILES Stadium, Townsville",https://www.nrl.com/draw/nrl-premiership/2012/round-6/cowboys-v-storm/,
regular,2012,6,MONDAY 9TH APRIL,full time,,Sea Eagles,Panthers,30,0,"Lottoland, Sydney",https://www.nrl.com/draw/nrl-premiership/2012/round-6/sea-eagles-v-panthers/,
regular,2012,7,FRIDAY 13TH APRIL,full time,,Dragons,Knights,12,4,"Netstrata Jubilee Stadium, Sydney",https://www.nrl.com/draw/nrl-premiership/2012/round-7/dragons-v-knights/,
regular,2012,7,FRIDAY 13TH APRIL,full time,,Broncos,Raiders,30,6,"Suncorp Stadium, Brisbane",https://www.nrl.com/draw/nrl-premiership/2012/round-7/broncos-v-raiders/,
regular,2012,7,SATURDAY 14TH APRIL,full time,,Storm,Bulldogs,12,6,"AAMI Park, Melbourne",https://www.nrl.com/draw/nrl-premiership/2012/round-7/storm-v-bulldogs/,
regular,2012,7,SATURDAY 14TH APRIL,full time,,Sea Eagles,Titans,14,26,"Lottoland, Sydney",https://www.nrl.com/draw/nrl-premiership/2012/round-7/sea-eagles-v-titans/,
regular,2012,7,SATURDAY 14TH APRIL,full time,,Roosters,Cowboys,12,50,"TIO Stadium, Darwin",https://www.nrl.com/draw/nrl-premiership/2012/round-7/roosters-v-cowboys/,
regular,2012,7,SUNDAY 15TH APRIL,full time,,Warriors,Rabbitohs,44,22,"Mt Smart Stadium, Auckland",https://www.nrl.com/draw/nrl-premiership/2012/round-7/warriors-v-rabbitohs/,
regular,2012,7,SUNDAY 15TH APRIL,full time,,Sharks,Eels,24,18,"PointsBet Stadium, Sydney",https://www.nrl.com/draw/nrl-premiership/2012/round-7/sharks-v-eels/,
regular,2012,7,SUNDAY 15TH APRIL,full time,,Panthers,Wests Tigers,0,30,"Panthers Stadium, Penrith",https://www.nrl.com/draw/nrl-premiership/2012/round-7/panthers-v-wests-tigers/,
regular,2012,8,WEDNESDAY 25TH APRIL,full time,,Dragons,Roosters,28,24,"Allianz Stadium, Sydney",https://www.nrl.com/draw/nrl-premiership/2012/round-8/dragons-v-roosters/,
regular,2012,8,WEDNESDAY 25TH APRIL,full time,,Storm,Warriors,32,14,"AAMI Park, Melbourne",https://www.nrl.com/draw/nrl-premiership/2012/round-8/storm-v-warriors/,
regular,2012,8,FRIDAY 27TH APRIL,full time,,Bulldogs,Sea Eagles,10,12,"ANZ Stadium, Sydney",https://www.nrl.com/draw/nrl-premiership/2012/round-8/bulldogs-v-sea-eagles/,
regular,2012,8,FRIDAY 27TH APRIL,full time,,Broncos,Titans,26,6,"Suncorp Stadium, Brisbane",https://www.nrl.com/draw/nrl-premiership/2012/round-8/broncos-v-titans/,
regular,2012,8,SATURDAY 28TH APRIL,full time,,Rabbitohs,Cowboys,20,16,"ANZ Stadium, Sydney",https://www.nrl.com/draw/nrl-premiership/2012/round-8/rabbitohs-v-cowboys/,
regular,2012,8,SUNDAY 29TH APRIL,full time,,Raiders,Sharks,22,44,"Canberra Stadium, Canberra",https://www.nrl.com/draw/nrl-premiership/2012/round-8/raiders-v-sharks/,
regular,2012,8,SUNDAY 29TH APRIL,full time,,Eels,Wests Tigers,30,31,"Bankwest Stadium, Sydney",https://www.nrl.com/draw/nrl-premiership/2012/round-8/eels-v-wests-tigers/,
regular,2012,8,MONDAY 30TH APRIL,full time,,Knights,Panthers,34,14,"McDonald Jones Stadium, Newcastle",https://www.nrl.com/draw/nrl-premiership/2012/round-8/knights-v-panthers/,
regular,2012,9,FRIDAY 4TH MAY,full time,,Eels,Bulldogs,12,46,"ANZ Stadium, Sydney",https://www.nrl.com/draw/nrl-premiership/2012/round-9/eels-v-bulldogs/,
regular,2012,9,FRIDAY 4TH MAY,full time,,Cowboys,Dragons,30,6,"1300SMILES Stadium, Townsville",https://www.nrl.com/draw/nrl-premiership/2012/round-9/cowboys-v-dragons/,
regular,2012,9,SATURDAY 5TH MAY,full time,,Warriors,Broncos,30,20,"Mt Smart Stadium, Auckland",https://www.nrl.com/draw/nrl-premiership/2012/round-9/warriors-v-broncos/,
regular,2012,9,SATURDAY 5TH MAY,full time,,Titans,Wests Tigers,14,15,"Cbus Super Stadium, Gold Coast",https://www.nrl.com/draw/nrl-premiership/2012/round-9/titans-v-wests-tigers/,
regular,2012,9,SATURDAY 5TH MAY,full time,,Panthers,Storm,10,44,"Panthers Stadium, Penrith",https://www.nrl.com/draw/nrl-premiership/2012/round-9/panthers-v-storm/,
regular,2012,9,SUNDAY 6TH MAY,full time,,Sea Eagles,Raiders,18,12,"Lottoland, Sydney",https://www.nrl.com/draw/nrl-premiership/2012/round-9/sea-eagles-v-raiders/,
regular,2012,9,SUNDAY 6TH MAY,full time,,Roosters,Knights,24,6,"Allianz Stadium, Sydney",https://www.nrl.com/draw/nrl-premiership/2012/round-9/roosters-v-knights/,
regular,2012,9,MONDAY 7TH MAY,full time,,Rabbitohs,Sharks,34,28,"ANZ Stadium, Sydney",https://www.nrl.com/draw/nrl-premiership/2012/round-9/rabbitohs-v-sharks/,
regular,2012,10,FRIDAY 11TH MAY,full time,,Broncos,Sea Eagles,22,24,"Suncorp Stadium, Brisbane",https://www.nrl.com/draw/nrl-premiership/2012/round-10/broncos-v-sea-eagles/,
regular,2012,10,FRIDAY 11TH MAY,full time,,Bulldogs,Titans,14,25,"Suncorp Stadium, Brisbane",https://www.nrl.com/draw/nrl-premiership/2012/round-10/bulldogs-v-titans/,
regular,2012,10,SATURDAY 12TH MAY,full time,,Warriors,Roosters,30,26,"Mt Smart Stadium, Auckland",https://www.nrl.com/draw/nrl-premiership/2012/round-10/warriors-v-roosters/,
regular,2012,10,SATURDAY 12TH MAY,full time,,Knights,Cowboys,12,32,"McDonald Jones Stadium, Newcastle",https://www.nrl.com/draw/nrl-premiership/2012/round-10/knights-v-cowboys/,
regular,2012,10,SUNDAY 13TH MAY,full time,,Raiders,Eels,40,34,"Canberra Stadium, Canberra",https://www.nrl.com/draw/nrl-premiership/2012/round-10/raiders-v-eels/,
regular,2012,10,SUNDAY 13TH MAY,full time,,Sharks,Storm,12,10,"PointsBet Stadium, Sydney",https://www.nrl.com/draw/nrl-premiership/2012/round-10/sharks-v-storm/,
regular,2012,10,MONDAY 14TH MAY,full time,,Panthers,Dragons,13,12,"Panthers Stadium, Penrith",https://www.nrl.com/draw/nrl-premiership/2012/round-10/panthers-v-dragons/,
regular,2012,11,FRIDAY 18TH MAY,full time,,Wests Tigers,Warriors,24,22,"Leichhardt Oval, Sydney",https://www.nrl.com/draw/nrl-premiership/2012/round-11/wests-tigers-v-warriors/,
regular,2012,11,SATURDAY 19TH MAY,full time,,Cowboys,Panthers,30,28,"1300SMILES Stadium, Townsville",https://www.nrl.com/draw/nrl-premiership/2012/round-11/cowboys-v-panthers/,
regular,2012,11,SUNDAY 20TH MAY,full time,,Sea Eagles,Roosters,18,10,"Lottoland, Sydney",https://www.nrl.com/draw/nrl-premiership/2012/round-11/sea-eagles-v-roosters/,
regular,2012,11,SUNDAY 20TH MAY,full time,,Dragons,Rabbitohs,18,19,"Netstrata Jubilee Stadium, Sydney",https://www.nrl.com/draw/nrl-premiership/2012/round-11/dragons-v-rabbitohs/,
regular,2012,11,MONDAY 21ST MAY,full time,,Bulldogs,Sharks,26,6,"ANZ Stadium, Sydney",https://www.nrl.com/draw/nrl-premiership/2012/round-11/bulldogs-v-sharks/,
regular,2012,12,FRIDAY 25TH MAY,full time,,Storm,Broncos,34,10,"AAMI Park, Melbourne",https://www.nrl.com/draw/nrl-premiership/2012/round-12/storm-v-broncos/,
regular,2012,12,FRIDAY 25TH MAY,full time,,Rabbitohs,Raiders,36,18,"ANZ Stadium, Sydney",https://www.nrl.com/draw/nrl-premiership/2012/round-12/rabbitohs-v-raiders/,
regular,2012,12,SATURDAY 26TH MAY,full time,,Knights,Titans,14,24,"McDonald Jones Stadium, Newcastle",https://www.nrl.com/draw/nrl-premiership/2012/round-12/knights-v-titans/,
regular,2012,12,SATURDAY 26TH MAY,full time,,Dragons,Eels,14,12,"Netstrata Jubilee Stadium, Sydney",https://www.nrl.com/draw/nrl-premiership/2012/round-12/dragons-v-eels/,
regular,2012,12,SUNDAY 27TH MAY,full time,,Panthers,Sea Eagles,22,4,"Panthers Stadium, Penrith",https://www.nrl.com/draw/nrl-premiership/2012/round-12/panthers-v-sea-eagles/,
regular,2012,12,SUNDAY 27TH MAY,full time,,Wests Tigers,Cowboys,26,18,"Campbelltown Stadium, Sydney",https://www.nrl.com/draw/nrl-premiership/2012/round-12/wests-tigers-v-cowboys/,
regular,2012,12,MONDAY 28TH MAY,full time,,Roosters,Bulldogs,12,30,"Allianz Stadium, Sydney",https://www.nrl.com/draw/nrl-premiership/2012/round-12/roosters-v-bulldogs/,
regular,2012,13,FRIDAY 1ST JUNE,full time,,Sea Eagles,Dragons,20,8,"Lottoland, Sydney",https://www.nrl.com/draw/nrl-premiership/2012/round-13/sea-eagles-v-dragons/,
regular,2012,13,FRIDAY 1ST JUNE,full time,,Titans,Cowboys,28,12,"Cbus Super Stadium, Gold Coast",https://www.nrl.com/draw/nrl-premiership/2012/round-13/titans-v-cowboys/,
regular,2012,13,SATURDAY 2ND JUNE,full time,,Raiders,Wests Tigers,0,40,"Canberra Stadium, Canberra",https://www.nrl.com/draw/nrl-premiership/2012/round-13/raiders-v-wests-tigers/,
regular,2012,13,SATURDAY 2ND JUNE,full time,,Bulldogs,Rabbitohs,23,18,"ANZ Stadium, Sydney",https://www.nrl.com/draw/nrl-premiership/2012/round-13/bulldogs-v-rabbitohs/,
regular,2012,13,SUNDAY 3RD JUNE,full time,,Warriors,Storm,12,22,"Mt Smart Stadium, Auckland",https://www.nrl.com/draw/nrl-premiership/2012/round-13/warriors-v-storm/,
regular,2012,13,SUNDAY 3RD JUNE,full time,,Broncos,Knights,50,24,"Suncorp Stadium, Brisbane",https://www.nrl.com/draw/nrl-premiership/2012/round-13/broncos-v-knights/,
regular,2012,13,MONDAY 4TH JUNE,full time,,Eels,Sharks,29,20,"Bankwest Stadium, Sydney",https://www.nrl.com/draw/nrl-premiership/2012/round-13/eels-v-sharks/,
regular,2012,14,FRIDAY 8TH JUNE,full time,,Storm,Wests Tigers,6,10,"AAMI Park, Melbourne",https://www.nrl.com/draw/nrl-premiership/2012/round-14/storm-v-wests-tigers/,
regular,2012,14,SATURDAY 9TH JUNE,full time,,Knights,Raiders,16,32,"McDonald Jones Stadium, Newcastle",https://www.nrl.com/draw/nrl-premiership/2012/round-14/knights-v-raiders/,
regular,2012,14,SUNDAY 10TH JUNE,full time,,Sharks,Titans,22,12,"PointsBet Stadium, Sydney",https://www.nrl.com/draw/nrl-premiership/2012/round-14/sharks-v-titans/,
regular,2012,14,SUNDAY 10TH JUNE,full time,,Roosters,Broncos,22,40,"Allianz Stadium, Sydney",https://www.nrl.com/draw/nrl-premiership/2012/round-14/roosters-v-broncos/,
regular,2012,14,MONDAY 11TH JUNE,full time,,Panthers,Warriors,16,30,"Panthers Stadium, Penrith",https://www.nrl.com/draw/nrl-premiership/2012/round-14/panthers-v-warriors/,
regular,2012,15,FRIDAY 15TH JUNE,full time,,Dragons,Bulldogs,20,28,"WIN Stadium, Wollongong",https://www.nrl.com/draw/nrl-premiership/2012/round-15/dragons-v-bulldogs/,
regular,2012,15,FRIDAY 15TH JUNE,full time,,Cowboys,Broncos,12,0,"1300SMILES Stadium, Townsville",https://www.nrl.com/draw/nrl-premiership/2012/round-15/cowboys-v-broncos/,
regular,2012,15,SATURDAY 16TH JUNE,full time,,Sharks,Warriors,20,19,"PointsBet Stadium, Sydney",https://www.nrl.com/draw/nrl-premiership/2012/round-15/sharks-v-warriors/,
regular,2012,15,SATURDAY 16TH JUNE,full time,,Eels,Rabbitohs,6,24,"ANZ Stadium, Sydney",https://www.nrl.com/draw/nrl-premiership/2012/round-15/eels-v-rabbitohs/,
regular,2012,15,SUNDAY 17TH JUNE,full time,,Titans,Panthers,36,18,"Cbus Super Stadium, Gold Coast",https://www.nrl.com/draw/nrl-premiership/2012/round-15/titans-v-panthers/,
regular,2012,15,SUNDAY 17TH JUNE,full time,,Wests Tigers,Roosters,28,42,"Leichhardt Oval, Sydney",https://www.nrl.com/draw/nrl-premiership/2012/round-15/wests-tigers-v-roosters/,
regular,2012,15,MONDAY 18TH JUNE,full time,,Sea Eagles,Storm,22,26,"Lottoland, Sydney",https://www.nrl.com/draw/nrl-premiership/2012/round-15/sea-eagles-v-storm/,
regular,2012,16,FRIDAY 22ND JUNE,full time,,Broncos,Rabbitohs,26,12,"Suncorp Stadium, Brisbane",https://www.nrl.com/draw/nrl-premiership/2012/round-16/broncos-v-rabbitohs/,
regular,2012,16,FRIDAY 22ND JUNE,full time,,Dragons,Titans,8,6,"WIN Stadium, Wollongong",https://www.nrl.com/draw/nrl-premiership/2012/round-16/dragons-v-titans/,
regular,2012,16,SATURDAY 23RD JUNE,full time,,Cowboys,Raiders,40,18,"1300SMILES Stadium, Townsville",https://www.nrl.com/draw/nrl-premiership/2012/round-16/cowboys-v-raiders/,
regular,2012,16,SATURDAY 23RD JUNE,full time,,Panthers,Eels,18,19,"Panthers Stadium, Penrith",https://www.nrl.com/draw/nrl-premiership/2012/round-16/panthers-v-eels/,
regular,2012,16,SUNDAY 24TH JUNE,full time,,Bulldogs,Storm,20,4,"BB Print Stadium Mackay, Mackay",https://www.nrl.com/draw/nrl-premiership/2012/round-16/bulldogs-v-storm/,
regular,2012,16,SUNDAY 24TH JUNE,full time,,Roosters,Sea Eagles,14,52,"Allianz Stadium, Sydney",https://www.nrl.com/draw/nrl-premiership/2012/round-16/roosters-v-sea-eagles/,
regular,2012,16,MONDAY 25TH JUNE,full time,,Knights,Wests Tigers,38,20,"McDonald Jones Stadium, Newcastle",https://www.nrl.com/draw/nrl-premiership/2012/round-16/knights-v-wests-tigers/,
regular,2012,17,FRIDAY 29TH JUNE,full time,,Broncos,Sharks,12,26,"Suncorp Stadium, Brisbane",https://www.nrl.com/draw/nrl-premiership/2012/round-17/broncos-v-sharks/,
regular,2012,17,SATURDAY 30TH JUNE,full time,,Eels,Knights,12,20,"Bankwest Stadium, Sydney",https://www.nrl.com/draw/nrl-premiership/2012/round-17/eels-v-knights/,
regular,2012,17,SUNDAY 1ST JULY,full time,,Warriors,Cowboys,35,18,"Mt Smart Stadium, Auckland",https://www.nrl.com/draw/nrl-premiership/2012/round-17/warriors-v-cowboys/,
regular,2012,17,SUNDAY 1ST JULY,full time,,Rabbitohs,Panthers,38,12,"ANZ Stadium, Sydney",https://www.nrl.com/draw/nrl-premiership/2012/round-17/rabbitohs-v-panthers/,
regular,2012,17,MONDAY 2ND JULY,full time,,Raiders,Dragons,22,18,"Canberra Stadium, Canberra",https://www.nrl.com/draw/nrl-premiership/2012/round-17/raiders-v-dragons/,
regular,2012,18,FRIDAY 6TH JULY,full time,,Wests Tigers,Bulldogs,20,32,"Allianz Stadium, Sydney",https://www.nrl.com/draw/nrl-premiership/2012/round-18/wests-tigers-v-bulldogs/,
regular,2012,18,SATURDAY 7TH JULY,full time,,Storm,Raiders,12,40,"AAMI Park, Melbourne",https://www.nrl.com/draw/nrl-premiership/2012/round-18/storm-v-raiders/,
regular,2012,18,SATURDAY 7TH JULY,full time,,Titans,Warriors,14,32,"Cbus Super Stadium, Gold Coast",https://www.nrl.com/draw/nrl-premiership/2012/round-18/titans-v-warriors/,
regular,2012,18,SUNDAY 8TH JULY,full time,,Rabbitohs,Knights,34,14,"ANZ Stadium, Sydney",https://www.nrl.com/draw/nrl-premiership/2012/round-18/rabbitohs-v-knights/,
regular,2012,18,SUNDAY 8TH JULY,full time,,Sea Eagles,Eels,40,24,"Lottoland, Sydney",https://www.nrl.com/draw/nrl-premiership/2012/round-18/sea-eagles-v-eels/,
regular,2012,18,MONDAY 9TH JULY,full time,,Sharks,Roosters,14,14,"PointsBet Stadium, Sydney",https://www.nrl.com/draw/nrl-premiership/2012/round-18/sharks-v-roosters/,
regular,2012,19,FRIDAY 13TH JULY,full time,,Bulldogs,Eels,32,12,"ANZ Stadium, Sydney",https://www.nrl.com/draw/nrl-premiership/2012/round-19/bulldogs-v-eels/,
regular,2012,19,FRIDAY 13TH JULY,full time,,Broncos,Warriors,10,8,"Suncorp Stadium, Brisbane",https://www.nrl.com/draw/nrl-premiership/2012/round-19/broncos-v-warriors/,
regular,2012,19,SATURDAY 14TH JULY,full time,,Knights,Sea Eagles,32,6,"McDonald Jones Stadium, Newcastle",https://www.nrl.com/draw/nrl-premiership/2012/round-19/knights-v-sea-eagles/,
regular,2012,19,SATURDAY 14TH JULY,full time,,Storm,Cowboys,16,20,"AAMI Park, Melbourne",https://www.nrl.com/draw/nrl-premiership/2012/round-19/storm-v-cowboys/,
regular,2012,19,SATURDAY 14TH JULY,full time,,Wests Tigers,Panthers,26,18,"Campbelltown Stadium, Sydney",https://www.nrl.com/draw/nrl-premiership/2012/round-19/wests-tigers-v-panthers/,
regular,2012,19,SUNDAY 15TH JULY,full time,,Raiders,Titans,26,38,"Canberra Stadium, Canberra",https://www.nrl.com/draw/nrl-premiership/2012/round-19/raiders-v-titans/,
regular,2012,19,SUNDAY 15TH JULY,full time,,Dragons,Sharks,18,10,"WIN Stadium, Wollongong",https://www.nrl.com/draw/nrl-premiership/2012/round-19/dragons-v-sharks/,
regular,2012,19,MONDAY 16TH JULY,full time,,Roosters,Rabbitohs,22,24,"Allianz Stadium, Sydney",https://www.nrl.com/draw/nrl-premiership/2012/round-19/roosters-v-rabbitohs/,
regular,2012,20,FRIDAY 20TH JULY,full time,,Sea Eagles,Bulldogs,12,20,"Lottoland, Sydney",https://www.nrl.com/draw/nrl-premiership/2012/round-20/sea-eagles-v-bulldogs/,
regular,2012,20,FRIDAY 20TH JULY,full time,,Titans,Broncos,14,10,"Cbus Super Stadium, Gold Coast",https://www.nrl.com/draw/nrl-premiership/2012/round-20/titans-v-broncos/,
regular,2012,20,SATURDAY 21ST JULY,full time,,Warriors,Knights,19,24,"Mt Smart Stadium, Auckland",https://www.nrl.com/draw/nrl-premiership/2012/round-20/warriors-v-knights/,
regular,2012,20,SATURDAY 21ST JULY,full time,,Rabbitohs,Dragons,36,14,"ANZ Stadium, Sydney",https://www.nrl.com/draw/nrl-premiership/2012/round-20/rabbitohs-v-dragons/,
regular,2012,20,SATURDAY 21ST JULY,full time,,Eels,Storm,16,10,"Bankwest Stadium, Sydney",https://www.nrl.com/draw/nrl-premiership/2012/round-20/eels-v-storm/,
regular,2012,20,SUNDAY 22ND JULY,full time,,Sharks,Raiders,4,36,"PointsBet Stadium, Sydney",https://www.nrl.com/draw/nrl-premiership/2012/round-20/sharks-v-raiders/,
regular,2012,20,SUNDAY 22ND JULY,full time,,Panthers,Roosters,28,16,"Panthers Stadium, Penrith",https://www.nrl.com/draw/nrl-premiership/2012/round-20/panthers-v-roosters/,
regular,2012,20,MONDAY 23RD JULY,full time,,Cowboys,Wests Tigers,29,16,"1300SMILES Stadium, Townsville",https://www.nrl.com/draw/nrl-premiership/2012/round-20/cowboys-v-wests-tigers/,
regular,2012,21,FRIDAY 27TH JULY,full time,,Dragons,Storm,26,18,"WIN Stadium, Wollongong",https://www.nrl.com/draw/nrl-premiership/2012/round-21/dragons-v-storm/,
regular,2012,21,FRIDAY 27TH JULY,full time,,Roosters,Titans,16,36,"Allianz Stadium, Sydney",https://www.nrl.com/draw/nrl-premiership/2012/round-21/roosters-v-titans/,
regular,2012,21,SATURDAY 28TH JULY,full time,,Bulldogs,Cowboys,32,18,"ANZ Stadium, Sydney",https://www.nrl.com/draw/nrl-premiership/2012/round-21/bulldogs-v-cowboys/,
regular,2012,21,SATURDAY 28TH JULY,full time,,Sea Eagles,Warriors,24,22,"Patersons Stadium, Perth",https://www.nrl.com/draw/nrl-premiership/2012/round-21/sea-eagles-v-warriors/,
regular,2012,21,SATURDAY 28TH JULY,full time,,Sharks,Panthers,20,21,"PointsBet Stadium, Sydney",https://www.nrl.com/draw/nrl-premiership/2012/round-21/sharks-v-panthers/,
regular,2012,21,SUNDAY 29TH JULY,full time,,Raiders,Knights,6,36,"Canberra Stadium, Canberra",https://www.nrl.com/draw/nrl-premiership/2012/round-21/raiders-v-knights/,
regular,2012,21,SUNDAY 29TH JULY,full time,,Rabbitohs,Wests Tigers,32,6,"ANZ Stadium, Sydney",https://www.nrl.com/draw/nrl-premiership/2012/round-21/rabbitohs-v-wests-tigers/,
regular,2012,21,MONDAY 30TH JULY,full time,,Broncos,Eels,22,42,"Suncorp Stadium, Brisbane",https://www.nrl.com/draw/nrl-premiership/2012/round-21/broncos-v-eels/,
regular,2012,22,FRIDAY 3RD AUGUST,full time,,Roosters,Dragons,26,10,"Allianz Stadium, Sydney",https://www.nrl.com/draw/nrl-premiership/2012/round-22/roosters-v-dragons/,
regular,2012,22,SATURDAY 4TH AUGUST,full time,,Storm,Panthers,46,6,"AAMI Park, Melbourne",https://www.nrl.com/draw/nrl-premiership/2012/round-22/storm-v-panthers/,
regular,2012,22,SATURDAY 4TH AUGUST,full time,,Knights,Bulldogs,10,26,"McDonald Jones Stadium, Newcastle",https://www.nrl.com/draw/nrl-premiership/2012/round-22/knights-v-bulldogs/,
regular,2012,22,SATURDAY 4TH AUGUST,full time,,Cowboys,Sea Eagles,6,8,"1300SMILES Stadium, Townsville",https://www.nrl.com/draw/nrl-premiership/2012/round-22/cowboys-v-sea-eagles/,
regular,2012,22,SUNDAY 5TH AUGUST,full time,,Warriors,Sharks,4,45,"Mt Smart Stadium, Auckland",https://www.nrl.com/draw/nrl-premiership/2012/round-22/warriors-v-sharks/,
regular,2012,22,SUNDAY 5TH AUGUST,full time,,Raiders,Broncos,28,12,"Canberra Stadium, Canberra",https://www.nrl.com/draw/nrl-premiership/2012/round-22/raiders-v-broncos/,
regular,2012,22,SUNDAY 5TH AUGUST,full time,,Titans,Rabbitohs,18,22,"Cbus Super Stadium, Gold Coast",https://www.nrl.com/draw/nrl-premiership/2012/round-22/titans-v-rabbitohs/,
regular,2012,22,MONDAY 6TH AUGUST,full time,,Wests Tigers,Eels,51,26,"Campbelltown Stadium, Sydney",https://www.nrl.com/draw/nrl-premiership/2012/round-22/wests-tigers-v-eels/,
regular,2012,23,FRIDAY 10TH AUGUST,full time,,Rabbitohs,Sea Eagles,6,23,"Central Coast Stadium, Gosford",https://www.nrl.com/draw/nrl-premiership/2012/round-23/rabbitohs-v-sea-eagles/,
regular,2012,23,FRIDAY 10TH AUGUST,full time,,Storm,Titans,24,16,"AAMI Park, Melbourne",https://www.nrl.com/draw/nrl-premiership/2012/round-23/storm-v-titans/,
regular,2012,23,SATURDAY 11TH AUGUST,full time,,Eels,Roosters,36,22,"Bankwest Stadium, Sydney",https://www.nrl.com/draw/nrl-premiership/2012/round-23/eels-v-roosters/,
regular,2012,23,SATURDAY 11TH AUGUST,full time,,Wests Tigers,Dragons,22,12,"Allianz Stadium, Sydney",https://www.nrl.com/draw/nrl-premiership/2012/round-23/wests-tigers-v-dragons/,
regular,2012,23,SATURDAY 11TH AUGUST,full time,,Cowboys,Warriors,52,12,"1300SMILES Stadium, Townsville",https://www.nrl.com/draw/nrl-premiership/2012/round-23/cowboys-v-warriors/,
regular,2012,23,SUNDAY 12TH AUGUST,full time,,Panthers,Raiders,10,20,"Panthers Stadium, Penrith",https://www.nrl.com/draw/nrl-premiership/2012/round-23/panthers-v-raiders/,
regular,2012,23,SUNDAY 12TH AUGUST,full time,,Bulldogs,Broncos,22,14,"ANZ Stadium, Sydney",https://www.nrl.com/draw/nrl-premiership/2012/round-23/bulldogs-v-broncos/,
regular,2012,23,MONDAY 13TH AUGUST,full time,,Knights,Sharks,26,4,"McDonald Jones Stadium, Newcastle",https://www.nrl.com/draw/nrl-premiership/2012/round-23/knights-v-sharks/,
regular,2012,24,FRIDAY 17TH AUGUST,full time,,Bulldogs,Wests Tigers,23,22,"ANZ Stadium, Sydney",https://www.nrl.com/draw/nrl-premiership/2012/round-24/bulldogs-v-wests-tigers/,
regular,2012,24,FRIDAY 17TH AUGUST,full time,,Broncos,Storm,18,19,"Suncorp Stadium, Brisbane",https://www.nrl.com/draw/nrl-premiership/2012/round-24/broncos-v-storm/,
regular,2012,24,SATURDAY 18TH AUGUST,full time,,Raiders,Roosters,24,20,"Canberra Stadium, Canberra",https://www.nrl.com/draw/nrl-premiership/2012/round-24/raiders-v-roosters/,
regular,2012,24,SATURDAY 18TH AUGUST,full time,,Sharks,Rabbitohs,20,7,"PointsBet Stadium, Sydney",https://www.nrl.com/draw/nrl-premiership/2012/round-24/sharks-v-rabbitohs/,
regular,2012,24,SUNDAY 19TH AUGUST,full time,,Warriors,Panthers,16,18,"Mt Smart Stadium, Auckland",https://www.nrl.com/draw/nrl-premiership/2012/round-24/warriors-v-panthers/,
regular,2012,24,SUNDAY 19TH AUGUST,full time,,Titans,Eels,24,16,"Cbus Super Stadium, Gold Coast",https://www.nrl.com/draw/nrl-premiership/2012/round-24/titans-v-eels/,
regular,2012,24,SUNDAY 19TH AUGUST,full time,,Sea Eagles,Knights,42,20,"Lottoland, Sydney",https://www.nrl.com/draw/nrl-premiership/2012/round-24/sea-eagles-v-knights/,
regular,2012,24,MONDAY 20TH AUGUST,full time,,Dragons,Cowboys,22,32,"WIN Stadium, Wollongong",https://www.nrl.com/draw/nrl-premiership/2012/round-24/dragons-v-cowboys/,
regular,2012,25,FRIDAY 24TH AUGUST,full time,,Sea Eagles,Broncos,16,6,"Lottoland, Sydney",https://www.nrl.com/draw/nrl-premiership/2012/round-25/sea-eagles-v-broncos/,
regular,2012,25,FRIDAY 24TH AUGUST,full time,,Raiders,Bulldogs,34,6,"Canberra Stadium, Canberra",https://www.nrl.com/draw/nrl-premiership/2012/round-25/raiders-v-bulldogs/,
regular,2012,25,SATURDAY 25TH AUGUST,full time,,Panthers,Titans,36,22,"Panthers Stadium, Penrith",https://www.nrl.com/draw/nrl-premiership/2012/round-25/panthers-v-titans/,
regular,2012,25,SATURDAY 25TH AUGUST,full time,,Dragons,Warriors,38,6,"WIN Stadium, Wollongong",https://www.nrl.com/draw/nrl-premiership/2012/round-25/dragons-v-warriors/,
regular,2012,25,SATURDAY 25TH AUGUST,full time,,Cowboys,Knights,22,14,"1300SMILES Stadium, Townsville",https://www.nrl.com/draw/nrl-premiership/2012/round-25/cowboys-v-knights/,
regular,2012,25,SUNDAY 26TH AUGUST,full time,,Roosters,Wests Tigers,44,20,"Allianz Stadium, Sydney",https://www.nrl.com/draw/nrl-premiership/2012/round-25/roosters-v-wests-tigers/,
regular,2012,25,SUNDAY 26TH AUGUST,full time,,Rabbitohs,Eels,38,6,"ANZ Stadium, Sydney",https://www.nrl.com/draw/nrl-premiership/2012/round-25/rabbitohs-v-eels/,
regular,2012,25,MONDAY 27TH AUGUST,full time,,Storm,Sharks,20,18,"AAMI Park, Melbourne",https://www.nrl.com/draw/nrl-premiership/2012/round-25/storm-v-sharks/,
regular,2012,26,FRIDAY 31ST AUGUST,full time,,Knights,Rabbitohs,6,18,"McDonald Jones Stadium, Newcastle",https://www.nrl.com/draw/nrl-premiership/2012/round-26/knights-v-rabbitohs/,
regular,2012,26,FRIDAY 31ST AUGUST,full time,,Broncos,Panthers,19,12,"Suncorp Stadium, Brisbane",https://www.nrl.com/draw/nrl-premiership/2012/round-26/broncos-v-panthers/,
regular,2012,26,SATURDAY 1ST SEPTEMBER,full time,,Titans,Sea Eagles,16,24,"Cbus Super Stadium, Gold Coast",https://www.nrl.com/draw/nrl-premiership/2012/round-26/titans-v-sea-eagles/,
regular,2012,26,SATURDAY 1ST SEPTEMBER,full time,,Wests Tigers,Storm,6,26,"Leichhardt Oval, Sydney",https://www.nrl.com/draw/nrl-premiership/2012/round-26/wests-tigers-v-storm/,
regular,2012,26,SATURDAY 1ST SEPTEMBER,full time,,Bulldogs,Roosters,42,10,"ANZ Stadium, Sydney",https://www.nrl.com/draw/nrl-premiership/2012/round-26/bulldogs-v-roosters/,
regular,2012,26,SUNDAY 2ND SEPTEMBER,full time,,Warriors,Raiders,22,42,"Mt Smart Stadium, Auckland",https://www.nrl.com/draw/nrl-premiership/2012/round-26/warriors-v-raiders/,
regular,2012,26,SUNDAY 2ND SEPTEMBER,full time,,Sharks,Cowboys,22,36,"PointsBet Stadium, Sydney",https://www.nrl.com/draw/nrl-premiership/2012/round-26/sharks-v-cowboys/,
regular,2012,26,SUNDAY 2ND SEPTEMBER,full time,,Eels,Dragons,8,29,"ANZ Stadium, Sydney",https://www.nrl.com/draw/nrl-premiership/2012/round-26/eels-v-dragons/,
